{"RandomForest": {"risk_coverage": 0.3527706001116644, "capital_adequacy": 4.20224618752569, "total_expected_loss": 956.9081872231311, "total_actual_loss": 227.7135, "risk_weighted_assets": 11961.352340289139, "num_fraud_cases": 21, "avg_expected_loss": 0.47845409361156555, "avg_actual_loss": 10.8435}, "XGBoost": {"risk_coverage": 0.4400579757163976, "capital_adequacy": 1.4661479977466148, "total_expected_loss": 333.86169208487377, "total_actual_loss": 227.7135, "risk_weighted_assets": 4173.271151060922, "num_fraud_cases": 21, "avg_expected_loss": 0.16693084604243688, "avg_actual_loss": 10.8435}, "LightGBM": {"risk_coverage": 0.42341679179273767, "capital_adequacy": 0.9540464719468291, "total_expected_loss": 217.24926128966428, "total_actual_loss": 227.7135, "risk_weighted_assets": 2715.6157661208035, "num_fraud_cases": 21, "avg_expected_loss": 0.10862463064483213, "avg_actual_loss": 10.8435}, "CatBoost": {"risk_coverage": 0.5393796828558406, "capital_adequacy": 1.4733506914352938, "total_expected_loss": 335.5018426741508, "total_actual_loss": 227.7135, "risk_weighted_assets": 4193.773033426885, "num_fraud_cases": 21, "avg_expected_loss": 0.1677509213370754, "avg_actual_loss": 10.8435}}