{"accuracy": 0.9905, "precision": 0.5833333333333334, "recall": 0.3333333333333333, "f1": 0.42424242424242425, "roc_auc": 0.8717967227315383, "pr_auc": 0.3353400125251616, "brier_score": 0.008593945361909633, "best_params": {"classifier__iterations": 498, "classifier__depth": 10, "classifier__learning_rate": 0.04533674865179426}}