{"accuracy": 0.9905, "precision": 0.6, "recall": 0.2857142857142857, "f1": 0.3870967741935484, "roc_auc": 0.8838999975937823, "pr_auc": 0.32506870238826097, "brier_score": 0.008641224364768618, "best_params": {"classifier__n_estimators": 300, "classifier__max_depth": 15, "classifier__learning_rate": 0.09284434417830616, "classifier__num_leaves": 61, "classifier__feature_fraction": 0.8}}