{"accuracy": 0.986, "precision": 0.18181818181818182, "recall": 0.09523809523809523, "f1": 0.125, "roc_auc": 0.9112707235496523, "pr_auc": 0.12471594000362982, "brier_score": 0.013334618044412602, "best_params": {"classifier__n_estimators": 200, "classifier__max_depth": 25, "classifier__min_samples_split": 2, "classifier__max_features": "sqrt"}}