{"accuracy": 0.9885, "precision": 0.4166666666666667, "recall": 0.23809523809523808, "f1": 0.30303030303030304, "roc_auc": 0.9091652830915085, "pr_auc": 0.3118813649944357, "brier_score": 0.00942463167242902, "best_params": {"classifier__n_estimators": 300, "classifier__max_depth": 9, "classifier__learning_rate": 0.09208693975017121, "classifier__subsample": 0.9, "classifier__colsample_bytree": 0.9, "classifier__gamma": 0.1}}